index	original	translation	scores	mean	z_scores	z_mean
0	A humanist to the core, Gopi exudes nativity and national outlook in his poetry.	ஒரு மனிதாபிமான கோபி, தனது கவிதைகளில் பிறப்பு மற்றும் தேசிய கண்ணோட்டத்தை வெளிப்படுத்துகிறார்.	[50,95,76]	73.66666666666667	[-2.0539813154348314, 0.6184291206010091, -0.6385191463517237]	-0.6913571137285154
1	It is bounded by Namakkal district in the north, Dindigul district in the south, Tiruchirapalli district on the east and Erode & Tiruppur districts on the west.	இதன் வடக்கில் நாமக்கல் மாவட்டமும், தெற்கில் திண்டுக்கல் மாவட்டமும், கிழக்கில் திருச்சிராப்பள்ளி மாவட்டமும், மேற்கில் ஈரோடு மற்றும் திருப்பூர் மாவட்டங்களும் உள்ளன.	[98,95,94]	95.66666666666669	[0.7524376846469182, 0.6184291206010091, 0.506839287090999]	0.6259020307796421
2	This increases the reliability of the results, often through a comparison between control measurements and the other measurements.	இது பெரும்பாலும் கட்டுப்பாட்டு அளவீடுகளுக்கும் பிற அளவீடுகளுக்கும் இடையிலான ஒப்பீடு மூலம் முடிவுகளின் நம்பகத்தன்மையை அதிகரிக்கிறது.	[98,95,99]	97.33333333333331	[0.7524376846469182, 0.6184291206010091, 0.8249944074917553]	0.7319537375798942
3	The geography of Mesopotamia had a profound impact on the political development of the region.	மெசொப்பொத்தேமியாவின் புவியியல் இப்பகுதியின் அரசியல் வளர்ச்சியில் ஆழ்ந்த தாக்கத்தை ஏற்படுத்தியது.	[98,95,95]	96.0	[0.7524376846469182, 0.6184291206010091, 0.5704703111711503]	0.6471123721396926
4	Thus the elite national schools are controlled directly by the ministry of education and the provincial schools by the provincial government.	எனவே உயர்மட்ட தேசிய பள்ளிகள் கல்வி அமைச்சகத்தாலும், மாகாண பள்ளிகள் மாகாண அரசாங்கத்தாலும் நேரடியாக கட்டுப்படுத்தப்படுகின்றன.	[92,95,96]	94.33333333333331	[0.40163530963669947, 0.6184291206010091, 0.6341013352513015]	0.5513885884963368
5	His adviser explains that this had come about as a result of talking too much.	அளவுக்கு அதிகமாக பேசுவதன் விளைவாக இது நிகழ்ந்ததாக அவரது ஆலோசகர் விளக்குகிறார்.	[98,80,91]	89.66666666666667	[0.7524376846469182, -0.20228697726433362, 0.31594621485054525]	0.2886989740777099
6	The Liquid Propulsion Systems Centre (LPSC) is a research and development centre functioning under Indian Space Research Organisation.	திரவ உந்துவிசை அமைப்பு மையம் (Liquid Propulsion Systems Centre-LPSC) என்பது இந்திய விண்வெளி ஆராய்ச்சி நிறுவனத்தின் கீழ் செயல்படும் ஒரு ஆராய்ச்சி மற்றும் மேம்பாட்டு மையமாகும்.	[98,95,98]	97.0	[0.7524376846469182, 0.6184291206010091, 0.761363383411604]	0.7107433962198438
7	Kuching (/ˈkuːtʃɪŋ/), officially the City of Kuching, is the capital and the most populous city in the state of Sarawak in Malaysia.	குச்சிங் (Kuching) மலேசியாவின் சரவாக் மாநிலத்தின் தலைநகரமும் மிகப்பெரிய நகரமும் ஆகும்.	[30,80,43]	51.0	[-3.223322565468894, -0.20228697726433362, -2.738342940996715]	-2.0546508279099807
8	Their aim is to enhance quality of life through collaborative research and action.	கூட்டு ஆராய்ச்சி மற்றும் செயல்பாடுகள் மூலம் வாழ்க்கைத் தரத்தை உயர்த்துவதே அவர்களின் நோக்கமாகும்.	[98,98,95]	97.0	[0.7524376846469182, 0.7825723401740775, 0.5704703111711503]	0.7018267786640487
9	Smith secured a contract to replace supermodel Claudia Schiffer in a Guess jeans ad campaign featuring a series of sultry black-and-white photographs.	கேஸ் ஜீன்ஸ் விளம்பரத்தில் சூப்பர் மாடல் கிளாடியா ஷிஃபரை மாற்றியமைப்பதற்கான ஒப்பந்தத்தை ஸ்மித் பெற்றார்.	[30,50,42]	40.66666666666666	[-3.223322565468894, -1.8437191729950189, -2.8019739650768662]	-2.623005234513593
10	They massacred the residents of Kannanur.	அவர்கள் கண்ணனூர் குடியிருப்பாளர்களை படுகொலை செய்தனர்.	[98,95,95]	96.0	[0.7524376846469182, 0.6184291206010091, 0.5704703111711503]	0.6471123721396926
11	In capitalist economics, market competition is the rivalry among sellers trying to achieve such goals as increasing profits, market share and sales volume by varying the elements of the marketing mix: price, product, distribution and promotion.	முதலாளித்துவ பொருளாதாரத்தில், சந்தை போட்டி என்பது லாபத்தை அதிகரித்தல், சந்தை பங்கு மற்றும் சந்தை அளவை அதிகரித்தல் போன்ற இலக்குகளை அடைய முயற்சிக்கும் விற்பனையாளர்களுக்கு இடையிலான போட்டி ஆகும்.	[94,50,69]	71.0	[0.5185694346401057, -1.8437191729950189, -1.0839363149127825]	-0.8030286844225651
12	Both plants have a combined annual capacity of 600,000 units.	இந்த இரு ஆலைகளும் இணைந்து ஆண்டுக்கு 600,000 யூனிட்களை உற்பத்தி செய்யும் திறன் கொண்டவை.	[98,99,100]	99.0	[0.7524376846469182, 0.8372867466984337, 0.8886254315719065]	0.8261166209724194
13	The Swiss Romantic artist Henry Fuseli, a friend of William Blake, even translated Macbeth into German.	வில்லியம் பிளேக்கின் நண்பரும், சுவிட்சர்லாந்தின் ரொமான்டிக் கலைஞருமான ஹென்றி ஃபுசெலி, மக்பெத்தை ஜெர்மன் மொழியிலும் மொழிபெயர்த்தார்.	[96,95,98]	96.33333333333331	[0.6355035596435119, 0.6184291206010091, 0.761363383411604]	0.6717653545520417
14	Later, as the Dutch Republic rose to considerable power and wealth, smoking became more common amongst the affluent and portraits of elegant gentlemen tastefully raising a pipe appeared.	பின்னர், டச்சு குடியரசு கணிசமான அதிகாரத்தையும் செல்வத்தையும் பெற்றபோது, புகைபிடித்தல் செல்வந்தர்களிடையே மிகவும் பொதுவானதாக மாறியது.	[30,30,33]	31.0	[-3.223322565468894, -2.9380073034821423, -3.374653181798228]	-3.1786610169164216
15	The institution has networked with Delhi University for courses in Physiotherapy, with Roehampton University for teachers' training in special education and also with Manipal University, Madhya Pradesh Bhoj Open University and Indira Gandhi National Open University.	இந்த நிறுவனம் தில்லி பல்கலைக்கழகம், சிறப்பு கல்வியில் ஆசிரியர்களின் பயிற்சிக்காக ரோஹாம்ப்டன் பல்கலைக்கழகம், மணிப்பால் பல்கலைக்கழகம், மத்தியப் பிரதேசம் போஜ் திறந்தநிலை பல்கலைக்கழகம் மற்றும் இந்திரா காந்தி தேசிய திறந்தநிலை பல்கலைக்கழகம் ஆகியவற்றுடன் இணைந்துள்ளது.	[98,98,99]	98.33333333333331	[0.7524376846469182, 0.7825723401740775, 0.8249944074917553]	0.7866681441042503
16	Pura Besakih is a complex made up of twenty-three temples that sit on parallel ridges.	புரா பெசாகி என்பது இருபத்தி மூன்று கோயில்களைக் கொண்ட ஒரு வளாகமாகும்.	[40,95,53]	62.66666666666666	[-2.638651940451863, 0.6184291206010091, -2.1020327001952026]	-1.3740851733486856
17	The accomplices were Shankar's brother, Mohan, Selva (alias Selvaraj) and the jail wardens Kannan, Balan and Rahim Khan.	சங்கரின் சகோதரர் மோகன், செல்வா (செல்வராஜ்), சிறைக் காவலர்கள் கண்ணன், பாலன், ரஹீம் கான் ஆகியோர் உடந்தையாக இருந்தனர்.	[92,95,91]	92.66666666666669	[0.40163530963669947, 0.6184291206010091, 0.31594621485054525]	0.4453368816960846
18	For example, the mobbing behavior of many species, in which a large number of prey animals attack a larger predator, seems to be an example of spontaneous emergent organization.	உதாரணமாக, பல உயிரினங்களின் கும்பல் நடத்தை, இதில் அதிக எண்ணிக்கையிலான இரை விலங்குகள் ஒரு பெரிய வேட்டையாடுபவரை தாக்குகின்றன, இது தன்னிச்சையாக உருவாகும் அமைப்புக்கு ஒரு எடுத்துக்காட்டாகத் தோன்றுகிறது.	[70,95,86]	83.66666666666667	[-0.8846400654007692, 0.6184291206010091, -0.0022089055502110488]	-0.0894732834499903
19	It is in seventh place on the all-time list of highest-grossing Telugu films at the global box office.	உலகளாவிய பாக்ஸ் ஆபிஸில் அதிக வசூல் செய்த தெலுங்கு திரைப்படங்களின் பட்டியலில் ஏழாவது இடத்தில் உள்ளது.	[90,95,95]	93.33333333333331	[0.2847011846332932, 0.6184291206010091, 0.5704703111711503]	0.4912002054684842
20	The river then runs through Anhui and Jiangsu, receiving more water from innumerable smaller lakes and rivers, and finally reaches the East China Sea at Shanghai.	பின்னர் இந்த நதி அன்ஹுய் மற்றும் ஜியாங்சு வழியாக பாய்கிறது, எண்ணற்ற சிறிய ஏரிகள் மற்றும் ஆறுகளிலிருந்து அதிக தண்ணீரைப் பெற்று, இறுதியாக ஷாங்காய் கிழக்கு சீன கடலை அடைகிறது.	[98,80,86]	88.0	[0.7524376846469182, -0.20228697726433362, -0.0022089055502110488]	0.1826472672774578
21	"The name can be translated as ""Palace of Akbar""."	"""இந்த பெயரை"" ""அக்பரின் அரண்மனை"" ""என்று மொழிபெயர்க்கலாம்."""	[98,98,99]	98.33333333333331	[0.7524376846469182, 0.7825723401740775, 0.8249944074917553]	0.7866681441042503
22	He received two awards from Kerala Sahitya Akademi and another from Kendra Sahitya Akademi, besides honours such as Government of Madras Poetry Prize, Odakkuzhal Award, N. V. Puraskaram, Asan Smaraka Kavitha Puraskaram and Ulloor Award.	கேரள சாகித்ய அகாடமியிடமிருந்து இரண்டு விருதுகளையும், கேந்திர சாகித்ய அகாடமியிடமிருந்து மற்றொன்றையும் பெற்றதோடு, மெட்ராஸ் அரசு கவிதை பரிசு, ஓடக்குழல் விருது, என். வி. புரஷ்காரம், ஆசன் ஸமாரக கவிதா புரஸ்காரம் மற்றும் உள்ளூர் விருது போன்ற விருதுகளையும் பெற்றார்.	[98,95,95]	96.0	[0.7524376846469182, 0.6184291206010091, 0.5704703111711503]	0.6471123721396926
23	It is a mix of traditional beliefs regarding spirits with Buddhism.	இது புத்த மதத்துடன் ஆவிகள் தொடர்பான பாரம்பரிய நம்பிக்கைகளின் கலவையாகும்.	[90,90,91]	90.33333333333331	[0.2847011846332932, 0.34485708797922815, 0.31594621485054525]	0.3151681624876888
24	The flowers are used in Southeast Asia for several purposes.	இந்த மலர்கள் தென்கிழக்கு ஆசியாவில் பல நோக்கங்களுக்காக பயன்படுத்தப்படுகின்றன.	[98,98,95]	97.0	[0.7524376846469182, 0.7825723401740775, 0.5704703111711503]	0.7018267786640487
25	Also in both cases, consumer data was stolen.	இந்த இரண்டு சம்பவங்களிலும் நுகர்வோர் தகவல்கள் திருடப்பட்டன.	[90,95,96]	93.66666666666669	[0.2847011846332932, 0.6184291206010091, 0.6341013352513015]	0.5124105468285346
26	The campus is spread over 60 acres.	இந்த வளாகம் 60 ஏக்கர் பரப்பளவில் அமைந்துள்ளது.	[98,98,95]	97.0	[0.7524376846469182, 0.7825723401740775, 0.5704703111711503]	0.7018267786640487
27	The Board suggests changes to laws and rules about animal welfare issues.	விலங்குகள் நல பிரச்சினைகள் குறித்த சட்டங்கள் மற்றும் விதிகளில் மாற்றங்களை வாரியம் பரிந்துரைக்கிறது.	[98,95,94]	95.66666666666669	[0.7524376846469182, 0.6184291206010091, 0.506839287090999]	0.6259020307796421
28	Sri Lanka has had other hunter-gatherering peoples such as the Rodiya and Kinnaraya.	இலங்கையில் ரோடியா மற்றும் கின்னராயா போன்ற வேட்டையாடும் மக்கள் உள்ளனர்.	[94,95,97]	95.33333333333331	[0.5185694346401057, 0.6184291206010091, 0.6977323593314528]	0.6115769715241892
29	As noted in Scorsese on Scorsese by editor–interviewer Ian Christie, the news that Scorsese wanted to make a film about a failed 19th-century romance raised many eyebrows among the film fraternity; all the more when Scorsese made it clear that it was a personal project and not a studio for-hire job.	ஸ்கோர்செஸி ஆன் ஸ்கோர்செஸி இதழின் ஆசிரியர்-நேர்காணல் இயன் கிறிஸ்டி குறிப்பிட்டபடி, ஸ்கோர்செஸி 19 ஆம் நூற்றாண்டின் தோல்வியுற்ற காதல் பற்றிய ஒரு திரைப்படத்தை உருவாக்க விரும்பினார் என்ற செய்தி திரைப்படத் துறையினரிடையே பல புருவங்களை உயர்த்தியது.	[30,50,41]	40.333333333333336	[-3.223322565468894, -1.8437191729950189, -2.865604989157018]	-2.6442155758736434
30	Later in his career he developed his own distinct style.	பின்னர் தனது தொழில் வாழ்க்கையில் அவர் தனது தனித்துவமான பாணியை உருவாக்கினார்.	[98,98,100]	98.66666666666669	[0.7524376846469182, 0.7825723401740775, 0.8886254315719065]	0.8078784854643007
31	His first venture of kayal cultivation was the reclamation of Cherukara Kayal.	காயல் சாகுபடியில் இவர் மேற்கொண்ட முதல் முயற்சி செருகர கயலை மீட்டெடுப்பதாகும்.	[98,70,86]	84.66666666666667	[0.7524376846469182, -0.7494310425078954, -0.0022089055502110488]	0.0002659121962705
32	However, none were killed in the incident.	எனினும் இந்த சம்பவத்தில் யாரும் உயிரிழக்கவில்லை.	[98,95,99]	97.33333333333331	[0.7524376846469182, 0.6184291206010091, 0.8249944074917553]	0.7319537375798942
33	Shevkal and his remaining guards were burnt alive.	செவ்கல் மற்றும் அவரது எஞ்சியிருந்த காவலர்கள் உயிருடன் எரிக்கப்பட்டனர்.	[98,95,100]	97.66666666666669	[0.7524376846469182, 0.6184291206010091, 0.8886254315719065]	0.7531640789399446
34	The Government of India honoured him with the Padma Shri.	இந்திய அரசு அவருக்கு பத்மஸ்ரீ விருது வழங்கி கவுரவித்தது.	[98,95,94]	95.66666666666669	[0.7524376846469182, 0.6184291206010091, 0.506839287090999]	0.6259020307796421
35	Currently, Queensland has completely smoke-free indoor public places (including workplaces, bars, pubs and eateries) as well as patrolled beaches and some outdoor public areas.	தற்போது, குயின்ஸ்லாந்து முழுவதும் புகைபிடிக்காத பொது இடங்கள் (பணியிடங்கள், பப்கள் மற்றும் உணவகங்கள் உட்பட) மற்றும் ரோந்து கடற்கரைகள் மற்றும் சில வெளிப்புற பொது இடங்களை கொண்டுள்ளது.	[92,95,95]	94.0	[0.40163530963669947, 0.6184291206010091, 0.5704703111711503]	0.5301782471362864
36	B vitamins are found in highest abundance in meat, eggs, and dairy products.	இறைச்சி, முட்டை, பால் பொருட்கள் ஆகியவற்றில் வைட்டமின் பி அதிக அளவில் காணப்படுகிறது.	[98,95,94]	95.66666666666669	[0.7524376846469182, 0.6184291206010091, 0.506839287090999]	0.6259020307796421
37	At first meet, they fall in love with each others; and Indra disagreed to get back.	முதல் சந்திப்பில், அவர்கள் ஒருவருக்கொருவர் காதலிக்கிறார்கள்.	[25,50,40]	38.333333333333336	[-3.5156578779774095, -1.8437191729950189, -2.929236013237169]	-2.7628710214031997
38	On the Kazakhstan section of the river there are presently three major hydroelectric plants, namely at Bukhtarma, Ust-Kamenogorsk and Shulbinsk.	ஆற்றின் கஜகஸ்தான் பிரிவில் தற்போது புக்தர்மா, உஸ்ட்-கமேனோகோர்ஸ்க் மற்றும் சுல்பின்ஸ்க் ஆகிய மூன்று பெரிய நீர்மின் நிலையங்கள் உள்ளன.	[92,95,92]	93.0	[0.40163530963669947, 0.6184291206010091, 0.3795772389306965]	0.466547223056135
39	Khawaja Shamsuddin Khawafi was Emperor Akbar's minister and superintendent of construction.	கவாஜா ஷம்சுதீன் கவாபி பேரரசர் அக்பரின் அமைச்சராகவும், கட்டுமான கண்காணிப்பாளராகவும் இருந்தார்.	[92,70,78]	80.0	[0.40163530963669947, -0.7494310425078954, -0.5112570981914211]	-0.286350943687539
40	Several ancient and medieval books state that Kālidāsa was a court poet of a king named Vikramāditya.	பல பழங்கால மற்றும் இடைக்கால புத்தகங்கள் Kcelinius liddisamines sa விக்ரமசிங்க தித்யா என்ற மன்னரின் அரசவை கவிஞராக இருந்தார் என்று கூறுகின்றன.	[70,75,75]	73.33333333333333	[-0.8846400654007692, -0.4758590098861145, -0.7021501704318749]	-0.6875497485729195
41	The album was a top 10 success in Germany while both singles reached the top 20 in the UK.	இந்த ஆல்பம் ஜெர்மனியில் முதல் 10 இடங்களைப் பிடித்தது, அதே நேரத்தில் இரண்டு தனிப்பாடல்களும் இங்கிலாந்தில் முதல் 20 இடங்களைப் பிடித்தன.	[98,95,95]	96.0	[0.7524376846469182, 0.6184291206010091, 0.5704703111711503]	0.6471123721396926
42	Eoophyla menglensis is a moth in the family Crambidae.	ஈஃபைலா மெங்லென்சிஸ் (Eophyla menglensis) என்பது கிராம்பிடே குடும்பத்தைச் சேர்ந்த ஒரு அந்துப்பூச்சி ஆகும்.	[96,95,99]	96.66666666666669	[0.6355035596435119, 0.6184291206010091, 0.8249944074917553]	0.6929756959120921
43	Using charts, technical analysts seek to identify price patterns and market trends in financial markets and attempt to exploit those patterns.	வரைபடங்களைப் பயன்படுத்தி, தொழில்நுட்ப ஆய்வாளர்கள் நிதி சந்தைகளில் விலை வடிவங்கள் மற்றும் சந்தை போக்குகளை அடையாளம் கண்டு, அந்த வடிவங்களை பயன்படுத்திக் கொள்ள முயற்சிக்கின்றனர்.	[90,90,93]	91.0	[0.2847011846332932, 0.34485708797922815, 0.44320826301084776]	0.3575888452077897
44	Journalists' leaders in Dhaka protested the killing of Das and gave a three-day ultimatum to the government to arrest the killers.	டாக்காவில் பத்திரிகையாளர் தலைவர்கள் தாஸ் கொல்லப்பட்டதைக் கண்டித்து, கொலையாளிகளை கைது செய்ய அரசுக்கு மூன்று நாள் இறுதி எச்சரிக்கை விடுத்தனர்.	[91,95,94]	93.33333333333331	[0.34316824713499633, 0.6184291206010091, 0.506839287090999]	0.4894788849423348
45	However, recent historians have questioned the traditional version and claimed that there were also examples of coercion by nonconformist ministers.	இருப்பினும், சமீபத்திய வரலாற்றாசிரியர்கள் பாரம்பரிய பதிப்பை கேள்வி எழுப்பி, இணங்காத அமைச்சர்களால் வற்புறுத்தப்பட்டதற்கான உதாரணங்களும் இருப்பதாக கூறினர்.	[90,75,81]	82.0	[0.2847011846332932, -0.4758590098861145, -0.32036402595096736]	-0.1705072837345962
46	A request for proposal (RFP) is a document that solicits proposal, often made through a bidding process, by an agency or company interested in procurement of a commodity, service, or valuable asset, to potential suppliers to submit business proposals.	முன்மொழிவுக்கான வேண்டுகோள் (Request for proposal (RFP)) என்பது ஒரு பொருள், சேவை அல்லது மதிப்புமிக்க சொத்துக்களை வாங்குவதில் ஆர்வமுள்ள ஒரு நிறுவனம் அல்லது நிறுவனம் வணிக முன்மொழிவுகளை சமர்ப்பிப்பதற்காக பெரும்பாலும் ஏலத்தின் மூலம் முன்மொழிந்த ஒரு ஆவணமாகும்.	[90,70,77]	79.0	[0.2847011846332932, -0.7494310425078954, -0.5748881222715724]	-0.3465393267153915
47	Pulp Fiction is full of homages to other movies.	பல்ப் ஃபிக்ஷன் என்பது மற்ற திரைப்படங்களுக்கு அஞ்சலி செலுத்தும் வகையில் உள்ளது.	[91,95,95]	93.66666666666669	[0.34316824713499633, 0.6184291206010091, 0.5704703111711503]	0.5106892263023853
48	Upon Hussein Kamel's death, his only son, Prince Kamal el Dine Hussein, declined the succession, and Hussein Kamel's brother Ahmed Fuad ascended the throne as Fuad I.	ஹுசைன் காமலின் மரணத்திற்குப் பிறகு, அவரது ஒரே மகனான இளவரசர் கமல் அல் டைன் உசேன் வாரிசுரிமையை மறுத்தார், ஹுசைன் காமலின் சகோதரர் அகமது ஃபுவாட் முதலாம் ஃபுவாட் சிம்மாசனத்தில் ஏறினார்.	[98,98,95]	97.0	[0.7524376846469182, 0.7825723401740775, 0.5704703111711503]	0.7018267786640487
49	It provided full-duplex service at 300 bit/s over normal phone lines.	இது சாதாரண தொலைபேசி இணைப்புகளில் 300 பிட்/விநாடிகளில் முழு இருதிசை சேவையை வழங்கியது.	[90,90,92]	90.66666666666669	[0.2847011846332932, 0.34485708797922815, 0.3795772389306965]	0.3363785038477392
50	His unexpected rise to the presidency posed a threat to the presidential ambitions of Henry Clay and other politicians, and left Tyler estranged from both major political parties.	அவரது எதிர்பாராத பதவி உயர்வு, ஹென்றி கிளே மற்றும் பிற அரசியல்வாதிகளின் ஜனாதிபதி விருப்பங்களுக்கு அச்சுறுத்தலாக அமைந்ததுடன், டைலர் இரு முக்கிய அரசியல் கட்சிகளிடமிருந்தும் விலகினார்.	[91,95,96]	94.0	[0.34316824713499633, 0.6184291206010091, 0.6341013352513015]	0.5318995676624357
51	"Dhruva (Sanskrit: ध्रुव, IAST: Dhruva, ""unshakeable, immovable, or fixed"") was a notable ascetic devotee of Vishnu mentioned in the Vishnu Purana and the Bhagavata Purana."	துருவன் (Dhruva) என்பவர் விஷ்ணு புராணத்திலும், பாகவத புராணத்திலும் குறிப்பிடப்பட்டுள்ள விஷ்ணுவின் குறிப்பிடத்தக்க துறவி பக்தர் ஆவார்.	[40,95,38]	57.66666666666666	[-2.638651940451863, 0.6184291206010091, -3.0564980613974715]	-1.6922402937494418
52	Its heavy industry includes iron and steel production, located near its capital city of Xining.	அதன் கனரக தொழில்துறை அதன் தலைநகரான சைனிங்கிற்கு அருகே அமைந்துள்ள இரும்பு மற்றும் எஃகு உற்பத்தியை உள்ளடக்கியது.	[98,95,95]	96.0	[0.7524376846469182, 0.6184291206010091, 0.5704703111711503]	0.6471123721396926
53	Special libraries also exist within academic institutions.	கல்வி நிறுவனங்களில் சிறப்பு நூலகங்களும் உள்ளன.	[98,90,96]	94.66666666666669	[0.7524376846469182, 0.34485708797922815, 0.6341013352513015]	0.5771320359591493
54	Ramayana in Songs) is considered his most notable work.	பாடல்களில் ராமாயணம்) அவரது மிகவும் குறிப்பிடத்தக்க படைப்பாகக் கருதப்படுகிறது.	[98,95,94]	95.66666666666669	[0.7524376846469182, 0.6184291206010091, 0.506839287090999]	0.6259020307796421
55	"The frizzen, historically called the ""hammer"" or the steel, is an ""L""-shaped piece of steel hinged at the front used in flintlock firearms."	"""வரலாற்று ரீதியாக"" ""சுத்தியல்"" ""அல்லது எஃகு என்று அழைக்கப்படும் ஃப்ரிஸன் என்பது"" ""L"" ""வடிவ எஃகு துண்டாகும்."""	[35,75,39]	49.66666666666666	[-2.9309872529603784, -0.4758590098861145, -2.9928670373173203]	-2.133237766721271
56	The district is bordered by Vellore district to the northeast, Krishnagiri district to the southwest, Tiruvannamalai district to the southeast, and the Chittoor district district of Andhra Pradesh to the northwest.	இந்த மாவட்டத்தின் வடகிழக்கில் வேலூர் மாவட்டமும், தென்மேற்கில் கிருஷ்ணகிரி மாவட்டமும், தென்கிழக்கில் திருவண்ணாமலை மாவட்டமும், வடமேற்கில் ஆந்திரப் பிரதேசத்தின் சித்தூர் மாவட்டமும் எல்லைகளாக உள்ளன.	[98,95,95]	96.0	[0.7524376846469182, 0.6184291206010091, 0.5704703111711503]	0.6471123721396926
57	The National Football League (NFL) is a professional American football league consisting of 32 teams, divided equally between the National Football Conference (NFC) and the American Football Conference (AFC).	தேசிய கால்பந்துக் கழகம் (National Football League-NFL) என்பது 32 அணிகளைக் கொண்ட ஒரு தொழில்முறை அமெரிக்கக் கால்பந்துக் கழகம் ஆகும்.	[32,50,42]	41.333333333333336	[-3.1063884404654876, -1.8437191729950189, -2.8019739650768662]	-2.584027192845791
58	There is only about 1 km (0.6 mi) of land border, made up of portages including Height of Land Portage on the Minnesota border.	சுமார் 1 கிமீ (0.6 மைல்) நில எல்லை மட்டுமே உள்ளது, இது மினசோட்டா எல்லையில் உள்ள நில போர்ட்டேஜின் உயரம் உட்பட துறைமுகங்களால் ஆனது.	[50,30,42]	40.66666666666666	[-2.0539813154348314, -2.9380073034821423, -2.8019739650768662]	-2.597987527997947
59	The producers sought to have Warner Bros. finance the picture as they did for Terminator 3.	டெர்மினேட்டர் 3 படத்தைப் போலவே வார்னர் பிரதர்ஸ் படத்திற்கும் நிதியுதவி செய்ய தயாரிப்பாளர்கள் விரும்பினர்.	[94,95,92]	93.66666666666669	[0.5185694346401057, 0.6184291206010091, 0.3795772389306965]	0.5055252647239371
60	On the strength of his name, Miramax garnered $11 million for the film's worldwide rights, virtually ensuring its profitability.	அவரது பெயரின் பலத்தால், மிராமேக்ஸ் திரைப்படத்தின் உலகளாவிய உரிமைகளுக்காக 11 மில்லியன் டாலர்களை வசூலித்தது, இதன் மூலம் அதன் லாபத்தை உறுதி செய்தது.	[92,92,90]	91.33333333333331	[0.40163530963669947, 0.45428590102794053, 0.252315190770394]	0.369412133811678
61	He was also associated with conservation of monuments such as Taj Mahal and forts.	தாஜ்மஹால் மற்றும் கோட்டைகள் போன்ற நினைவுச்சின்னங்களின் பாதுகாப்பிலும் அவர் ஈடுபட்டிருந்தார்.	[98,98,99]	98.33333333333331	[0.7524376846469182, 0.7825723401740775, 0.8249944074917553]	0.7866681441042503
62	The study of myth began in ancient history.	தொன்மவியல் பற்றிய ஆய்வு பண்டைய வரலாற்றில் தொடங்கியது.	[98,95,94]	95.66666666666669	[0.7524376846469182, 0.6184291206010091, 0.506839287090999]	0.6259020307796421
63	Some of the more notable ancient writers include Herodotus, Thucydides, Arrian, Plutarch, Polybius, Sima Qian, Sallust, Livy, Josephus, Suetonius, and Tacitus.	ஹெரோடோட்டஸ், துசிடைடிஸ், ஆரியன், புளூடார்க், பாலிபியஸ், சிமா கியான், சல்லாஸ்ட், லிவி, ஜோசிஃபஸ், சுட்டோனியஸ், டாசிடஸ் ஆகியோர் குறிப்பிடத்தக்க பண்டைய எழுத்தாளர்களில் சிலராவர்.	[98,95,94]	95.66666666666669	[0.7524376846469182, 0.6184291206010091, 0.506839287090999]	0.6259020307796421
64	For example, water retained in a reservoir to allow boating in the late summer is not available to farmers during the spring planting season.	உதாரணமாக, கோடைக் காலத்தின் பிற்பகுதியில் படகுப் பயணத்தை அனுமதிப்பதற்காக நீர்த்தேக்கத்தில் வைத்திருக்கும் தண்ணீர் வசந்த கால நடவுப் பருவத்தில் விவசாயிகளுக்கு கிடைப்பதில்லை.	[86,95,93]	91.33333333333331	[0.05083293462648073, 0.6184291206010091, 0.44320826301084776]	0.3708234394127792
65	That is the case for programs at the University of California, Riverside, as well as the Volcani Centre and the Instituto de Investigaciones Agropecuarias in Chile.	கலிபோர்னியா பல்கலைக்கழகம், ரிவர்சைடு, எரிமலை மையம், சிலியில் உள்ள Instituto de Investigaciones Agropecuarias ஆகியவற்றிலும் இதே போன்ற நிகழ்ச்சிகள் நடத்தப்படுகின்றன.	[50,30,43]	41.0	[-2.0539813154348314, -2.9380073034821423, -2.738342940996715]	-2.576777186637896
66	"A player given a yellow card is said to have been ""booked"", the referee writing the player's name in their official notebook."	"""மஞ்சள் அட்டை வழங்கப்பட்ட வீரர்"" ""பதிவு செய்யப்பட்டவர்"" ""என்று கூறப்படுகிறார், நடுவர் அவர்களின் அதிகாரப்பூர்வ நோட்டுப் புத்தகத்தில் வீரரின் பெயரை எழுதுகிறார்."""	[90,30,63]	61.0	[0.2847011846332932, -2.9380073034821423, -1.46572245939369]	-1.3730095260808464
67	Willem-Alexander was born in Utrecht as the oldest child of Princess Beatrix and diplomat Claus van Amsberg.	வில்லியம் அலெக்சாண்டர் உட்ரெட்ச்டில் இளவரசி பீட்ரிக்ஸ் மற்றும் தூதர் கிளாஸ் வான் ஆம்ஸ்பெர்க் ஆகியோரின் மூத்த குழந்தையாக பிறந்தார்.	[96,95,99]	96.66666666666669	[0.6355035596435119, 0.6184291206010091, 0.8249944074917553]	0.6929756959120921
68	He left school shortly afterwards.	சிறிது நேரத்திலேயே பள்ளியை விட்டு வெளியேறினார்.	[98,98,99]	98.33333333333331	[0.7524376846469182, 0.7825723401740775, 0.8249944074917553]	0.7866681441042503
69	Many potassium salts are prepared by neutralization reactions involving KOH.	பல பொட்டாசியம் உப்புகள் KOH உடன் தொடர்புடைய நடுநிலையாக்கல் வினைகளால் தயாரிக்கப்படுகின்றன.	[94,95,97]	95.33333333333331	[0.5185694346401057, 0.6184291206010091, 0.6977323593314528]	0.6115769715241892
70	"While most ""base"" or ""common card"" sets are plentiful, many ""insert"" or ""chase cards"" are very rare."	"""பெரும்பாலான"" ""அடிப்படை"" ""அல்லது"" ""பொதுவான அட்டை"" ""செட்டுகள் ஏராளமாக இருந்தாலும், பல"" ""உட்செலுத்துதல்"" ""அல்லது"" ""பின்தொடர்தல் அட்டைகள்"" ""மிகவும் அரிதானவை."""	[70,10,41]	40.333333333333336	[-0.8846400654007692, -4.032295433969266, -2.865604989157018]	-2.5941801628423518
71	According to this historian, the people whom the Greeks called Scythians were known (among the Jews) as Magogites, descendants of Magog in the Hebrew Bible.	இந்த வரலாற்றாசிரியரின் கூற்றுப்படி, கிரேக்கர்கள் சித்தியர்கள் என்று அழைக்கப்பட்ட மக்கள் (யூதர்களிடையே) எபிரெய பைபிளில் மாகோக்கின் சந்ததியினர் மாகோகைட்டுகள் என்று அழைக்கப்பட்டனர்.	[85,85,83]	84.33333333333333	[-0.007634127875222391, 0.07128505535744727, -0.19310197779066482]	-0.0431503501028133
72	Aikido practitioners for instance, can have a strong philosophical belief of the flow of energy and peace fostering, as idealised by the art's founder Morihei Ueshiba.	உதாரணமாக, ஐகிடோ பயிற்சியாளர்கள், கலையின் நிறுவனர் மோரிஹே உயெஷிபாவால் சித்தாந்தப்படுத்தப்பட்ட ஆற்றல் மற்றும் அமைதியை வளர்க்கும் வலுவான தத்துவ நம்பிக்கையைக் கொண்டிருக்கலாம்.	[91,95,96]	94.0	[0.34316824713499633, 0.6184291206010091, 0.6341013352513015]	0.5318995676624357
73	Most of these early synchronous CPUs ran at low clock rates compared to modern microelectronic designs.	இந்த ஆரம்பகால ஒத்திசைவு சிபியுக்களில் பெரும்பாலானவை நவீன மைக்ரோ எலக்ட்ரானிக் வடிவமைப்புகளுடன் ஒப்பிடுகையில் குறைந்த கடிகார விகிதங்களில் இயங்கின.	[98,70,82]	83.33333333333333	[0.7524376846469182, -0.7494310425078954, -0.2567330018708161]	-0.0845754532439311
74	During his college days, he was deeply associated with the Indian National Congress and the Indian independence movement.	கல்லூரி நாட்களில், இந்திய தேசிய காங்கிரஸ் மற்றும் இந்திய சுதந்திர இயக்கத்துடன் அவர் ஆழமாக தொடர்பு கொண்டிருந்தார்.	[92,92,95]	93.0	[0.40163530963669947, 0.45428590102794053, 0.5704703111711503]	0.4754638406119301
75	A maritime boundary is one example of a political demarcation.	கடல்சார் எல்லை என்பது அரசியல் எல்லை வரையறைக்கு ஒரு உதாரணம்.	[98,95,100]	97.66666666666669	[0.7524376846469182, 0.6184291206010091, 0.8886254315719065]	0.7531640789399446
76	The hexagonal form is coloured tan, and the cubic form is coloured red-brown the same as persimmon.	அறுகோண வடிவம் பழுப்பு நிறத்திலும், கனசதுர வடிவம் சிவப்பு-பழுப்பு நிறத்திலும், பெர்சிமோன் நிறத்திலும் இருக்கும்.	[70,95,85]	83.33333333333333	[-0.8846400654007692, 0.6184291206010091, -0.06583992963036231]	-0.1106836248100408
77	The famous Hawthorne study examined changes to the working environment at the Hawthorne plant of the Western Electric Company.	புகழ்பெற்ற ஹாவ்தோர்ன் ஆய்வு மேற்கத்திய மின்சார நிறுவனத்தின் ஹாவ்தோர்ன் ஆலையின் பணிச் சூழலில் ஏற்பட்ட மாற்றங்களை ஆய்வு செய்தது.	[96,65,84]	81.66666666666667	[0.6355035596435119, -1.0230030751296761, -0.12947095371051356]	-0.1723234897322259
78	In extreme cases this event can cause the white dwarf to exceed the Chandrasekhar limit and trigger a supernova that destroys the entire star, another possible cause for runaways.	தீவிர நிகழ்வுகளில் இந்த நிகழ்வு வெள்ளைக் குள்ளனை சந்திரசேகர் வரம்பை மீறி ஒரு சூப்பர்நோவாவை தூண்டிவிடும், இது முழு நட்சத்திரத்தையும் அழிக்கும், இது ஓடிப்போவதற்கான மற்றொரு காரணமாகும்.	[50,10,33]	31.0	[-2.0539813154348314, -4.032295433969266, -3.374653181798228]	-3.1536433104007755
79	For example, the coordinates ( x 1 , x 2 , … , x n ) {\displaystyle (x_{1},x_{2},\dotsc ,x_{n})} of a vector v {\displaystyle v} in a vector space with basis { e 1 , e 2 , … , e n } {\displaystyle \lbrace e_{1},e_{2},\dotsc ,e_{n}\rbrace } , are the coefficients of the basis vectors in the expression	எடுத்துக்காட்டாக, ஒரு திசையன் v {\displaystyle v} இன் ஆள்கூறுகள் (x 1, x 2,., x n) {\displaystyle (x _ {1}, x _ {2}, \dotsc, x _ {n})} {e 1, e 2,..., e n} {\displaystyle \lbrace e _ {1}, e _ {2}, \dotsc, e _ {n} \rbrace}, என்பவை வெளிப்பாட்டில் உள்ள திசையனின் குணகங்களாகும்.	[70,95,80]	81.66666666666667	[-0.8846400654007692, 0.6184291206010091, -0.3839950500311186]	-0.2167353316102929
80	This floating roof traps the vapor from low flash-point fuels.	இந்த மிதக்கும் கூரை குறைந்த ஃப்ளாஷ்-பாயிண்ட் எரிபொருள்களிலிருந்து ஆவியை பொறிக்கிறது.	[82,80,82]	81.33333333333333	[-0.18303531538033174, -0.20228697726433362, -0.2567330018708161]	-0.2140184315051604
81	First established as a trade settlement, the castle later became one of the most important stops on the route of the Atlantic slave trade.	முதலில் ஒரு வர்த்தக குடியேற்றமாக நிறுவப்பட்ட இந்த கோட்டை, பின்னர் அட்லாண்டிக் அடிமை வர்த்தகத்தின் வழியில் மிக முக்கியமான நிறுத்தங்களில் ஒன்றாக மாறியது.	[92,95,97]	94.66666666666669	[0.40163530963669947, 0.6184291206010091, 0.6977323593314528]	0.5725989298563872
82	Coffee-curing works were located at Calicut, Mangalore and Coimbatore.	காபி பதப்படுத்தும் பணிகள் கோழிக்கோடு, மங்களூர், கோயம்புத்தூர் ஆகிய இடங்களில் நடைபெற்றன.	[91,90,93]	91.33333333333331	[0.34316824713499633, 0.34485708797922815, 0.44320826301084776]	0.3770778660416907
83	At the same time the pz-orbitals approach and together they form a pz-pz pi-bond.	அதே நேரத்தில் pz-orbitals அணுகுமுறை மற்றும் அவை ஒன்றாக சேர்ந்து pz-pz பை-பிணைப்பை உருவாக்குகின்றன.	[50,86,70]	68.66666666666667	[-2.0539813154348314, 0.12599946188180344, -1.020305290832631]	-0.9827623814618864
84	In the heating, ventilation, and air-conditioning industry (HVAC), liquids such as water are used to transfer heat from one area to another.	வெப்பமூட்டுதல், காற்றோட்டம் மற்றும் குளிரூட்டுதல் தொழிற்சாலைகளில் (HVAC), தண்ணீர் போன்ற திரவங்கள் ஒரு பகுதியிலிருந்து மற்றொரு பகுதிக்கு வெப்பத்தை அனுப்ப பயன்படுத்தப்படுகின்றன.	[98,95,95]	96.0	[0.7524376846469182, 0.6184291206010091, 0.5704703111711503]	0.6471123721396926
85	Yttrocerite is a variety of the mineral fluorite with a chemical formula CaF2+(Y,Ce)F3.	இட்ரோசெரைட்டு (Yttrocerite) என்பது CaF2 + (Y, Ce) F3 என்ற மூலக்கூற்று வாய்ப்பாட்டால் விவரிக்கப்படும் ஒரு கனிமமாகும்.	[98,95,100]	97.66666666666669	[0.7524376846469182, 0.6184291206010091, 0.8886254315719065]	0.7531640789399446
86	Thus arose web log analysis software.	இவ்வாறு வலைப்பதிவுப் பகுப்பாய்வு மென்பொருள் உருவானது.	[90,95,95]	93.33333333333331	[0.2847011846332932, 0.6184291206010091, 0.5704703111711503]	0.4912002054684842
87	"""Rakta Bonya"", his Bengali translation of Indra Partharathi's Tamil novel 'Kurudippunal', has been awarded the Sahitya Akademi translation Prize."	இந்திரா பார்த்தார்த்தியின் தமிழ் நாவலான 'குருதிப்புனல்' என்ற நாவலின் வங்காள மொழிபெயர்ப்பான ரக்தா போன்யாவுக்கு சாகித்ய அகாடமி மொழிபெயர்ப்பு பரிசு வழங்கப்பட்டுள்ளது.	[98,95,95]	96.0	[0.7524376846469182, 0.6184291206010091, 0.5704703111711503]	0.6471123721396926
88	Owing to highly favorable conditions, the storm displayed a thick convective ring, surrounding a well-defined eye feature on the same day.	மிகவும் சாதகமான சூழ்நிலைகள் காரணமாக, புயல் அதே நாளில் நன்கு வரையறுக்கப்பட்ட கண் அம்சத்தை சுற்றி ஒரு தடிமனான வெப்பச்சலன வளையத்தை வெளிப்படுத்தியது.	[70,70,71]	70.33333333333333	[-0.8846400654007692, -0.7494310425078954, -0.9566742667524799]	-0.863581791553715
89	At a substation, this medium-voltage electric current is increased in voltage with a transformer for connection to the high voltage electric power transmission system.	ஒரு துணை மின்நிலையத்தில், இந்த நடுத்தர-மின்னழுத்த மின்சாரம் உயர் மின்னழுத்த மின்சார பகிர்மான அமைப்புடன் இணைப்பதற்காக மின்மாற்றியுடன் மின்னழுத்தத்தில் அதிகரிக்கப்படுகிறது.	[86,95,94]	91.66666666666669	[0.05083293462648073, 0.6184291206010091, 0.506839287090999]	0.3920337807728296
90	There are two main types of baris dance which can be found throughout the island of Bali.	பாலி தீவு முழுவதும் பாரீஸ் நடனத்தில் இரண்டு முக்கிய வகைகள் உள்ளன.	[70,95,80]	81.66666666666667	[-0.8846400654007692, 0.6184291206010091, -0.3839950500311186]	-0.2167353316102929
91	It has been evaluated as an agent for the reversible storage of hydrogen and it is used as a reagent for the chemical synthesis of organic compounds.	ஹைட்ரஜனை மீட்டெடுக்கக்கூடிய சேமிப்புக்கான ஒரு முகவராக இது மதிப்பிடப்பட்டுள்ளது, மேலும் இது கரிமச் சேர்மங்களின் வேதியியல் தொகுப்பு வினைப்பொருளாகப் பயன்படுத்தப்படுகிறது.	[90,95,91]	92.0	[0.2847011846332932, 0.6184291206010091, 0.31594621485054525]	0.4063588400282825
92	Unfortunately, he was arrested and sentenced for life to the prison at Kalapani (Cellular Jail) on Andaman Island.	துரதிருஷ்டவசமாக, அவர் கைது செய்யப்பட்டு, அந்தமான் தீவில் உள்ள காலாபானி (செல்லுலார் சிறை) சிறையில் ஆயுள் தண்டனை விதிக்கப்பட்டார்.	[96,95,94]	95.0	[0.6355035596435119, 0.6184291206010091, 0.506839287090999]	0.58692398911184
93	His father Saluva Gunda was the governor of Chandragiri.	இவரது தந்தை சாளுவ குண்டா சந்திரகிரியின் ஆளுநராக இருந்தார்.	[98,95,96]	96.33333333333331	[0.7524376846469182, 0.6184291206010091, 0.6341013352513015]	0.668322713499743
94	Aside from the main Indore Junction, the city of Indore has eight other railway stations: Indore is connected to other parts of India through National and State highways.	முக்கிய இந்தூர் சந்திப்பைத் தவிர, இந்தூர் நகரில் எட்டு ரயில் நிலையங்கள் உள்ளனஃ இந்தூர் தேசிய மற்றும் மாநில நெடுஞ்சாலைகள் மூலம் இந்தியாவின் பிற பகுதிகளுடன் இணைக்கப்பட்டுள்ளது.	[98,98,95]	97.0	[0.7524376846469182, 0.7825723401740775, 0.5704703111711503]	0.7018267786640487
95	Blanc fixe is the form of barium encountered in consumer products, such as paints.	பிளாங்க் ஃபிக்சிங் என்பது பெயிண்ட்ஸ் போன்ற நுகர்வோர் பொருட்களில் காணப்படும் பேரியத்தின் வடிவமாகும்.	[92,90,94]	92.0	[0.40163530963669947, 0.34485708797922815, 0.506839287090999]	0.4177772282356422
96	"Travancore as a whole, thus became the property of Sri Padmanabhaswamy, the deity of the Travancore royal family or in other words ""God's Own Country."""	திருவிதாங்கூர் ஒட்டுமொத்தமாக, திருவிதாங்கூர் அரச குடும்பத்தின் தெய்வமான ஸ்ரீ பத்மநாபசாமியின் சொத்தாக மாறியது.	[40,70,57]	55.66666666666666	[-2.638651940451863, -0.7494310425078954, -1.8475086038745976]	-1.7451971956114518
97	6 − 4 = ... We write the difference under the line.	6 aclexes 4 =... நாம் வித்தியாசத்தை வரிசையின் கீழ் எழுதுகிறோம்.	[50,10,32]	30.666666666666668	[-2.0539813154348314, -4.032295433969266, -3.438284205878379]	-3.174853651760825
98	Sukumar died when Satyajit was barely three, and the family survived on Suprabha Ray's meager income.	சத்யஜித்துக்கு மூன்று வயதாக இருந்தபோது சுகுமார் இறந்தார், சுப்ரபா ராயின் குறைந்த வருமானத்தில் அவரது குடும்பம் உயிர்பிழைத்தது.	[98,95,94]	95.66666666666669	[0.7524376846469182, 0.6184291206010091, 0.506839287090999]	0.6259020307796421
99	Examples include breast cancer, which is dependent on estrogens like estradiol, and prostate cancer, which is dependent on androgens like testosterone.	எஸ்ட்ரியோல் போன்ற எஸ்ட்ரோஜென்களைச் சார்ந்திருக்கும் மார்பகப் புற்றுநோய், டெஸ்டோஸ்டிரோன் போன்ற ஆன்ட்ரோஜென்களைச் சார்ந்திருக்கும் ப்ரோஸ்டேட் புற்றுநோய் ஆகியவை இதற்கு உதாரணங்களாகும்.	[92,95,92]	93.0	[0.40163530963669947, 0.6184291206010091, 0.3795772389306965]	0.466547223056135
100	Water is released in to the Narayanpur reservoir after using for power generation to serve the downstream irrigation needs.	கீழ்புறப் பாசனத் தேவைகளைப் பூர்த்தி செய்ய மின்சார உற்பத்திக்குப் பிறகு நாராயண்பூர் நீர்த்தேக்கத்திற்கு நீர் திறந்துவிடப்படுகிறது.	[98,98,95]	97.0	[0.7524376846469182, 0.7825723401740775, 0.5704703111711503]	0.7018267786640487
101	Renewable energy In the initial phase of the CDM, policy makers and NGOs were concerned about the lack of renewable energy CDM projects.	புதுப்பிக்கத்தக்க எரிசக்தி சி. டி. எம்-ன் ஆரம்ப கட்டத்தில், கொள்கை வகுப்பாளர்கள் மற்றும் அரசு சாரா அமைப்புகள் புதுப்பிக்கத்தக்க எரிசக்தி சி. டி. எம் திட்டங்கள் பற்றாக்குறை குறித்து கவலை தெரிவித்தனர்.	[92,95,91]	92.66666666666669	[0.40163530963669947, 0.6184291206010091, 0.31594621485054525]	0.4453368816960846
102	The Oliver Typewriter Company was an American typewriter manufacturer headquartered in Chicago, Illinois.	ஒலிவர் தட்டச்சுப்பொறி நிறுவனம் (Oliver Typewriter Company) என்பது சிகாகோ, இல்லினாய்ஸ் நகரைத் தலைமையிடமாகக் கொண்ட ஒரு அமெரிக்க தட்டச்சுப்பொறி நிறுவனம் ஆகும்.	[98,98,95]	97.0	[0.7524376846469182, 0.7825723401740775, 0.5704703111711503]	0.7018267786640487
103	It is an old tradition from the rural central cantons and considered the national sport by some.	இது கிராமப்புற மத்திய மண்டலங்களில் இருந்து ஒரு பழமையான பாரம்பரியமாகும், மேலும் சிலரால் தேசிய விளையாட்டாகக் கருதப்படுகிறது.	[98,95,94]	95.66666666666669	[0.7524376846469182, 0.6184291206010091, 0.506839287090999]	0.6259020307796421
104	"As Sartre said in his lecture Existentialism is a Humanism: ""man first of all exists, encounters himself, surges up in the world—and defines himself afterwards""."	"""சார்த்ரே தனது சொற்பொழிவில் கூறியபடி,"" ""மனிதன் முதலில் இருக்கிறான், தன்னைத்தானே எதிர்கொள்கிறான், உலகில் உயர்கிறான்-பின்னர் தன்னை வரையறுத்துக் கொள்கிறான்."""	[70,85,75]	76.66666666666667	[-0.8846400654007692, 0.07128505535744727, -0.7021501704318749]	-0.5051683934917323
105	The federal provisions, intended to unite princely states and British India at the centre, were not implemented because of ambiguities in safeguarding the existing privileges of princes.	சுதேச அரசுகளையும் பிரிட்டிஷ் இந்தியாவையும் மையத்தில் இணைக்கும் நோக்கத்துடன் கூட்டாட்சி விதிகள், இளவரசர்களின் தற்போதுள்ள சிறப்புரிமைகளைப் பாதுகாப்பதில் தெளிவின்மை காரணமாக அமல்படுத்தப்படவில்லை.	[92,95,95]	94.0	[0.40163530963669947, 0.6184291206010091, 0.5704703111711503]	0.5301782471362864
106	The name Malwa is derived from the name of the ancient Indian tribe of Malavas.	மால்வா என்ற பெயர் பண்டைய இந்திய மலைவாழ் இனமான மால்வாவின் பெயரிலிருந்து பெறப்பட்டது.	[96,95,97]	96.0	[0.6355035596435119, 0.6184291206010091, 0.6977323593314528]	0.6505550131919913
107	Sri Lanka National Blind Cricket Team represents Sri Lanka at blind cricket.	இலங்கை தேசிய பார்வையற்றோர் துடுப்பாட்ட அணி, பார்வையற்றோர் துடுப்பாட்டப் போட்டிகளில் இலங்கையின் சார்பாக விளையாடுகிறது.	[98,50,75]	74.33333333333333	[0.7524376846469182, -1.8437191729950189, -0.7021501704318749]	-0.5978105529266585
108	Demonstrations help to raise student interest and reinforce memory retention because they provide connections between facts and real-world applications of those facts.	ஆர்ப்பாட்டங்கள் மாணவர்களின் ஆர்வத்தை அதிகரிக்கவும், நினைவாற்றலை வலுப்படுத்தவும் உதவுகின்றன, ஏனெனில் அவை உண்மைகள் மற்றும் உண்மைகளின் உண்மையான உலக பயன்பாடுகளுக்கு இடையிலான தொடர்பை வழங்குகின்றன.	[70,70,72]	70.66666666666667	[-0.8846400654007692, -0.7494310425078954, -0.8930432426723287]	-0.8423714501936646
109	Bromous acid is the inorganic compound with the formula of HBrO2.	புரோமஸ் அமிலம் (Bromous acid) என்பது HBrO2 என்ற மூலக்கூற்று வாய்ப்பாடு கொண்ட ஒரு கனிம வேதியியல் சேர்மமாகும்.	[98,95,99]	97.33333333333331	[0.7524376846469182, 0.6184291206010091, 0.8249944074917553]	0.7319537375798942
110	It has all modern communication needs.	அனைத்து நவீன தகவல் தொடர்புத் தேவைகளையும் அது கொண்டுள்ளது.	[98,98,95]	97.0	[0.7524376846469182, 0.7825723401740775, 0.5704703111711503]	0.7018267786640487
111	Providers usually carry a variety of news, weather, sports, and music channels, with the music channels generally being commercial-free.	வழங்குநர்கள் பொதுவாக பல்வேறு வகையான செய்திகள், வானிலை, விளையாட்டு மற்றும் இசை அலைவரிசைகளை ஒளிபரப்புகிறார்கள், இசை அலைவரிசைகள் பொதுவாக விளம்பரம் இல்லாமல் இருக்கும்.	[90,90,88]	89.33333333333333	[0.2847011846332932, 0.34485708797922815, 0.12505314261009146]	0.2515371384075376
112	The main body of the Declaration forms the four columns.	பிரகடனத்தின் முக்கிய அங்கம் நான்கு நெடுவரிசைகளை உருவாக்குகிறது.	[70,95,84]	83.0	[-0.8846400654007692, 0.6184291206010091, -0.12947095371051356]	-0.1318939661700912
113	There also exists natural experimental studies.	இயற்கையான பரிசோதனை ஆய்வுகளும் உள்ளன.	[98,90,95]	94.33333333333331	[0.7524376846469182, 0.34485708797922815, 0.5704703111711503]	0.5559216945990989
114	Complex carbohydrates are long chains and thus do not have the sweet taste.	சிக்கலான கார்போஹைட்ரேட்டுகள் நீண்ட சங்கிலிகளாக இருப்பதால், இனிப்பு சுவை இருக்காது.	[96,95,98]	96.33333333333331	[0.6355035596435119, 0.6184291206010091, 0.761363383411604]	0.6717653545520417
115	Ghadar di Gunj (Punjabi: ਗ਼ਦਰ ਦੀ ਗੂੰਜ, غدر دی گنج, translation: Echoes of Mutiny) is a compilation of nationalist and socialist literature that was produced in the early stages of the Ghadar movement.	கதர் டி கஞ்ச் (Ghadar di Gunj) என்பது கதர் இயக்கத்தின் ஆரம்ப கட்டங்களில் உருவாக்கப்பட்ட தேசியவாத மற்றும் சோசலிச இலக்கியங்களின் தொகுப்பாகும்.	[40,40,37]	39.0	[-2.638651940451863, -2.390863238238581, -3.1201290854776227]	-2.7165480880560224
116	Many critics highlighted the political content of the film that mirrored the current and past state of affairs.	பல விமர்சகர்கள் இந்த திரைப்படத்தின் அரசியல் உள்ளடக்கத்தை தற்போதைய மற்றும் கடந்த கால நிலைமைகளை பிரதிபலிப்பதாக எடுத்துரைத்தனர்.	[98,95,99]	97.33333333333331	[0.7524376846469182, 0.6184291206010091, 0.8249944074917553]	0.7319537375798942
117	Thus the museum broadly contains, a picture gallery, an anthropological section, an archeological section, textiles, weapons, musical instruments, a shipping section, and even stuffed animals.	எனவே இந்த அருங்காட்சியகத்தில் ஒரு புகைப்பட காட்சியகம், ஒரு மானுடவியல் பிரிவு, ஒரு தொல்லியல் பிரிவு, ஜவுளி, ஆயுதங்கள், இசைக்கருவிகள், கப்பல் பிரிவு மற்றும் அடைக்கப்பட்ட விலங்குகள் கூட உள்ளன.	[91,95,95]	93.66666666666669	[0.34316824713499633, 0.6184291206010091, 0.5704703111711503]	0.5106892263023853
118	It is one of the oldest medical colleges in Tamil Nadu and has a name on its own merit.	இது தமிழ்நாட்டின் பழமையான மருத்துவக் கல்லூரிகளில் ஒன்றாகும்.	[35,95,42]	57.333333333333336	[-2.9309872529603784, 0.6184291206010091, -2.8019739650768662]	-1.7048440324787453
119	Indrani was born in Chennai to this couple and grew up in a mixed-race household.	இந்த தம்பதியினருக்கு சென்னையில் பிறந்த இந்திராணி, கலப்பு இன குடும்பத்தில் வளர்ந்தார்.	[98,98,96]	97.33333333333331	[0.7524376846469182, 0.7825723401740775, 0.6341013352513015]	0.7230371200240991
120	Fats, on the other hand, especially saturated fats, are thicker and rich and are thus considered more enjoyable to eat.	மறுபட்சத்தில், கொழுப்புகள், குறிப்பாக செறிவூட்டப்பட்ட கொழுப்புகள், தடிமனாகவும் செறிவாகவும் இருப்பதால், சாப்பிடுவதில் அதிக இன்பம் தருவதாக கருதப்படுகின்றன.	[82,95,87]	88.0	[-0.18303531538033174, 0.6184291206010091, 0.06142211852994021]	0.1656053079168725
121	This is an active sonar device that receives a specific stimulus and immediately (or with a delay) retransmits the received signal or a predetermined one.	இது ஒரு குறிப்பிட்ட ஊக்கத்தைப் பெற்று, உடனடியாக (அல்லது தாமதத்துடன்) பெறப்பட்ட சிக்னல் அல்லது முன்கூட்டியே தீர்மானிக்கப்பட்ட சிக்னலை மீண்டும் அனுப்பும் ஒரு செயலில் உள்ள சோனார் சாதனமாகும்.	[70,70,71]	70.33333333333333	[-0.8846400654007692, -0.7494310425078954, -0.9566742667524799]	-0.863581791553715
122	The ancient history of the Nagas is unclear.	நாகர்களின் பண்டைய வரலாறு தெளிவாக இல்லை.	[98,98,99]	98.33333333333331	[0.7524376846469182, 0.7825723401740775, 0.8249944074917553]	0.7866681441042503
123	"As Nishisaki states, ""there is good evidence that simulation training improves provider and team self-efficacy and competence on manikins."	நிஷிசகி கூறுவது போல, “உருவகப்படுத்துதல் பயிற்சி வழங்குபவரையும் குழுவின் சுய-செயல்திறன் மற்றும் மேனிகின்களின் திறனை மேம்படுத்துகிறது என்பதற்கு நல்ல சான்றுகள் உள்ளன.	[70,95,86]	83.66666666666667	[-0.8846400654007692, 0.6184291206010091, -0.0022089055502110488]	-0.0894732834499903
124	Upon reaction with hydrogen peroxide, 1,2-dioxetanedione is formed, along with release of the two phenols.	ஐதரசன் பெராக்சைடுடன் வினைபுரிந்து 1,2-டையாக்சிடென்டையோன் உருவாகிறது.	[35,70,55]	53.333333333333336	[-2.9309872529603784, -0.7494310425078954, -1.9747706520349]	-1.8850629825010576
125	Mayavaram V. R. Govindaraja Pillai (Tamil: மாயவரம் வி.	மாயாவரம் வி. ஆர். கோவிந்தராஜா பிள்ளை (Mayavaram V. R. Govindaraja Pillai)	[90,95,95]	93.33333333333331	[0.2847011846332932, 0.6184291206010091, 0.5704703111711503]	0.4912002054684842
126	Satoshi Nakamoto is the name used by the presumed pseudonymous person or persons who developed bitcoin, authored the bitcoin white paper, and created and deployed bitcoin's original reference implementation.	சதோஷி நகமோட்டோ (Satoshi Nakamoto) என்பது பிட்காயின் உருவாக்கி, பிட்காயின் வெள்ளைத் தாளை உருவாக்கி, பிட்காயின் அசல் குறிப்பு அமலாக்கத்தை உருவாக்கி, பயன்படுத்தும் புனைப்பெயர் கொண்ட நபர் அல்லது நபர்களால் பயன்படுத்தப்படும் பெயராகும்.	[92,70,78]	80.0	[0.40163530963669947, -0.7494310425078954, -0.5112570981914211]	-0.286350943687539
127	"Her name is anglicised as Enya Patricia Brennan, where Enya is the phonetic spelling of how Eithne is pronounced in her native Ulster dialect of Irish; ""Ní Bhraonáin"" translates to ""daughter of Brennan""."	"""அவரது பெயர்"" ""என்யா பேட்ரிசியா பிரென்னன்"" ""என்று ஆங்கிலத்தில் அழைக்கப்படுகிறது, அங்கு என்யா என்பது ஐரிஷ் மொழியின் அல்ஸ்டர் பேச்சுவழக்கில் ஈத்னே எவ்வாறு உச்சரிக்கப்படுகிறது என்பதற்கான ஒலியியல் சொல்லாகும்."""	[31,95,46]	57.333333333333336	[-3.1648555029671908, 0.6184291206010091, -2.5474498687562614]	-1.6979587503741478
128	Yellow: Aptenodytes patagonicus halli Green: breeding areas The king penguin (Aptenodytes patagonicus) is the second largest species of penguin, smaller, but somewhat similar in appearance to the emperor penguin.	மஞ்சள்ஃ Aptenodytes patagonicus halli Green: breeding areas கிங் பென்குயின் (Aptenodytes patagonicus) என்பது பென்குயின் இனங்களில் இரண்டாவது பெரிய இனமாகும்.	[20,50,33]	34.333333333333336	[-3.807993190485925, -1.8437191729950189, -3.374653181798228]	-3.008788515093057
129	A square in Kolkata is named after him as Hara Kumar Tagore Square	கொல்கத்தாவில் உள்ள ஒரு சதுக்கத்திற்கு ஹரகுமார் தாகூர் சதுக்கம் என்று அவரது பெயரிடப்பட்டுள்ளது.	[96,95,93]	94.66666666666669	[0.6355035596435119, 0.6184291206010091, 0.44320826301084776]	0.5657136477517896
130	Severely elevated blood pressure (equal to or greater than a systolic 180 or diastolic of 110) is referred to as a hypertensive crisis.	மிகவும் உயர்ந்த இரத்த அழுத்தம் (180 சிஸ்டோலிக் அல்லது 110 டயாஸ்டோலிக்) என்பது உயர் இரத்த அழுத்த நெருக்கடி என்று குறிப்பிடப்படுகிறது.	[92,95,96]	94.33333333333331	[0.40163530963669947, 0.6184291206010091, 0.6341013352513015]	0.5513885884963368
131	"The exact sciences, sometimes called the exact mathematical sciences are those sciences ""which admit of absolute precision in their results""; especially the mathematical sciences."	துல்லியமான அறிவியல்கள், சில நேரங்களில் துல்லியமான கணித அறிவியல் என்று அழைக்கப்படுகின்றன, அவை அவற்றின் முடிவுகளில் முழுமையான துல்லியத்தை ஒப்புக்கொள்கின்றன.	[40,40,37]	39.0	[-2.638651940451863, -2.390863238238581, -3.1201290854776227]	-2.7165480880560224
132	Immediately below, the same three are preparing the fallen body for food.	உடனடியாக கீழே, அதே மூவரும் கீழே விழுந்த உடலை உணவுக்கு தயார் செய்கிறார்கள்.	[85,30,61]	58.66666666666666	[-0.007634127875222391, -2.9380073034821423, -1.5929845075539926]	-1.5128753129704524
133	The population consists of native Hindus, native Mappila-Muslims, native Jains and migrant-Christian communities and is characterized by distinct socio-cultural customs and behavior.	இந்த மக்கள் தொகையில் இந்துக்கள், பூர்வீக மாப்பிளா-முஸ்லிம்கள், பூர்வீக சமணர்கள் மற்றும் இடம்பெயர்ந்த-கிறிஸ்தவ சமூகங்கள் உள்ளன.	[30,30,33]	31.0	[-3.223322565468894, -2.9380073034821423, -3.374653181798228]	-3.1786610169164216
134	It is located on the Guntakal–Chennai Egmore section of Mumbai–Chennai line of the Southern Railway zone.	இது தெற்கு ரயில்வே மண்டலத்தின் மும்பை-சென்னை வழித்தடத்தில் குண்டக்கல்-சென்னை எழும்பூர் பிரிவில் அமைந்துள்ளது.	[96,95,95]	95.33333333333331	[0.6355035596435119, 0.6184291206010091, 0.5704703111711503]	0.6081343304718905
135	The main polymers subjected to sulfur vulcanization are polyisoprene (natural rubber) and styrene-butadiene rubber (SBR), which are used for most street-vehicle tires.	பாலிஐசோப்ரீன் (இயற்கை ரப்பர்) மற்றும் ஸ்டைரின்-பியூட்டாடையீன் ரப்பர் (SBR) ஆகியவை கந்தக வல்கனைசேஷனுக்கு உட்படுத்தப்படும் முக்கிய பலபடிகளாகும். இவை பெரும்பாலான தெரு வாகன டயர்களுக்கு பயன்படுத்தப்படுகின்றன.	[70,95,85]	83.33333333333333	[-0.8846400654007692, 0.6184291206010091, -0.06583992963036231]	-0.1106836248100408
136	During this time temperatures are mild and pleasant.	இந்த நேரத்தில் வெப்பநிலை லேசாகவும், இனிமையாகவும் இருக்கும்.	[94,95,93]	94.0	[0.5185694346401057, 0.6184291206010091, 0.44320826301084776]	0.5267356060839875
137	This included such writers as Louis Althusser and psychoanalyst Jacques Lacan, as well as the structural Marxism of Nicos Poulantzas.	இதில் லூயி அல்துசர், உளவியல் ஆய்வாளர் ஜாக் லேகன் போன்ற எழுத்தாளர்களும், நிக்கோஸ் பவுலன்ட்சாஸின் கட்டமைப்பு மார்க்சிசமும் அடங்கும்.	[90,70,77]	79.0	[0.2847011846332932, -0.7494310425078954, -0.5748881222715724]	-0.3465393267153915
138	She is the third Indian woman to win the title of Miss World.	உலக அழகி பட்டத்தை வென்ற மூன்றாவது இந்திய பெண் இவர்.	[98,95,100]	97.66666666666669	[0.7524376846469182, 0.6184291206010091, 0.8886254315719065]	0.7531640789399446
139	Parassala State assembly constituency (Malayalam: പാറശ്ശാല നിയമസഭാ നിയോജക മണ്ഡലം) is one of the 140 state legislative assembly constituencies at the state Kerala in southern India.	பாறசாலை சட்டமன்றத் தொகுதி (Parassala State Assembly constituency) தென்னிந்தியாவில் கேரள மாநிலத்தில் உள்ள 140 சட்டமன்றத் தொகுதிகளில் ஒன்று.	[95,95,98]	96.0	[0.5770364971418088, 0.6184291206010091, 0.761363383411604]	0.6522763337181406
140	The prime objective of ISRO is to use space technology and its application to various national tasks.	விண்வெளி தொழில்நுட்பத்தையும், அதன் பயன்பாட்டையும் பல்வேறு தேசிய பணிகளுக்கு பயன்படுத்துவது இஸ்ரோவின் முக்கிய நோக்கமாகும்.	[98,95,99]	97.33333333333331	[0.7524376846469182, 0.6184291206010091, 0.8249944074917553]	0.7319537375798942
141	Vittilapuram is a village in Thoothukudi district, Tamil Nadu, India.	விட்டிலாபுரம் (Vittilapuram) இந்தியாவின் தமிழ்நாடு மாநிலத்தில் அமைந்துள்ள தூத்துக்குடி மாவட்டத்தில் இருக்கும் ஒரு கிராமம் ஆகும்.	[98,95,95]	96.0	[0.7524376846469182, 0.6184291206010091, 0.5704703111711503]	0.6471123721396926
142	Villalobos gave the Philippines their name, after calling them Las Islas Filipinas in honor of Philip of Austria, the Prince of Asturias at the time, who later became Philip II of Spain.	அப்போது ஸ்பெயினின் இரண்டாம் பிலிப்பாக மாறிய ஆஸ்திரியாவின் இளவரசர் பிலிப்பின் நினைவாக பிலிப்பைன்ஸ் நாட்டை லாஸ் ஐலாஸ் பிலிப்பைன்ஸ் என்று அழைத்த வில்லாலோபோஸ், பிலிப்பைன்ஸுக்கு அந்தப் பெயரை சூட்டினார்.	[84,95,88]	89.0	[-0.06610119037692551, 0.6184291206010091, 0.12505314261009146]	0.225793690944725
143	Dioxane resembles a smaller crown ether with only two ethyleneoxyl units.	டையாக்சேன் இரண்டு எத்திலீன் ஆக்சைல் அலகுகளைக் கொண்ட ஒரு சிறிய கிரீடம் ஈதரை ஒத்திருக்கிறது.	[70,85,75]	76.66666666666667	[-0.8846400654007692, 0.07128505535744727, -0.7021501704318749]	-0.5051683934917323
144	Later, the word haveli came to be used as a generic term for various styles of regional mansions, townhouse and temples found in the Indian subcontinent.	பின்னர், ஹவேலி என்ற வார்த்தை இந்திய துணைக் கண்டத்தில் காணப்படும் பிராந்திய மாளிகைகள், நகரங்கள் மற்றும் கோயில்களின் பல்வேறு பாணிகளுக்கு பொதுவான வார்த்தையாக பயன்படுத்தப்பட்டது.	[98,95,98]	97.0	[0.7524376846469182, 0.6184291206010091, 0.761363383411604]	0.7107433962198438
145	In Victoria members can use either MP or MLA.	விக்டோரியாவில் எம். பி. அல்லது எம். எல். ஏ. க்கள் பயன்படுத்தலாம்.	[70,70,71]	70.33333333333333	[-0.8846400654007692, -0.7494310425078954, -0.9566742667524799]	-0.863581791553715
146	The administrative headquarters was Coimbatore city.	இதன் நிர்வாகத் தலைமையிடம் கோயம்புத்தூர் நகரம் ஆகும்.	[98,90,96]	94.66666666666669	[0.7524376846469182, 0.34485708797922815, 0.6341013352513015]	0.5771320359591493
147	But lakshmi devipalli yet to open its account to produce graduates.	ஆனால் லட்சுமி தேவிபள்ளி இன்னும் தனது கணக்கை திறக்கவில்லை.	[50,50,53]	51.0	[-2.0539813154348314, -1.8437191729950189, -2.1020327001952026]	-1.9999110628750172
148	The famous emperor Akbar the Great, who was the grandson of Babar, tried to establish a good relationship with the Hindus.	பாபரின் பேரனான புகழ்பெற்ற பேரரசர் அக்பர், இந்துக்களுடன் நல்ல உறவை ஏற்படுத்த முயற்சித்தார்.	[94,94,91]	93.0	[0.5185694346401057, 0.5637147140766529, 0.31594621485054525]	0.4660767878557679
149	Balasore is one of the coastal Districts of Odisha.	பாலசோர் (Balasoor) ஒடிசாவின் கடலோர மாவட்டங்களில் ஒன்றாகும்.	[92,95,96]	94.33333333333331	[0.40163530963669947, 0.6184291206010091, 0.6341013352513015]	0.5513885884963368
150	Spawning commences with the onset of south-west monsoon.	தென்மேற்குப் பருவமழை தொடங்கியவுடன் முளைவிட தொடங்குகிறது.	[90,70,82]	80.66666666666667	[0.2847011846332932, -0.7494310425078954, -0.2567330018708161]	-0.2404876199151394
151	There are some more villages named Parambayi, Poomala, Chottupara.	பரம்பாய், பூமாலா, சோட்டுப்பாரா போன்ற மேலும் சில கிராமங்கள் உள்ளன.	[95,95,93]	94.33333333333331	[0.5770364971418088, 0.6184291206010091, 0.44320826301084776]	0.5462246269178885
152	V Ezhumalai (ta: வி.ஏழுமலை) is an Indian politician and Member of Parliament elected from Tamil Nadu.	ஈழமலை (Ezhumalai) ஓர் இந்திய அரசியல்வாதியும், தமிழ்நாட்டிலிருந்து தேர்ந்தெடுக்கப்பட்ட நாடாளுமன்ற உறுப்பினரும் ஆவார்.	[90,90,93]	91.0	[0.2847011846332932, 0.34485708797922815, 0.44320826301084776]	0.3575888452077897
153	He has represented Sialkot Stallions, Zarai Taraqiati Bank Limited cricket team, Sialkot cricket team and Peshawar Zalmi.	இவர் சியால்கோட் ஸ்டாலியன்ஸ், ஜராய் தரக்கியாதி வங்கி லிமிடெட் கிரிக்கெட் அணி, சியால்கோட் துடுப்பாட்ட அணி மற்றும் பெஷாவர் சல்மி ஆகிய அணிகளுக்காக விளையாடியுள்ளார்.	[80,70,73]	74.33333333333333	[-0.299969440383738, -0.7494310425078954, -0.8294122185921774]	-0.6262709004946037
154	Supersonic fracture is crack motion faster than the speed of sound in a brittle material.	சூப்பர்சோனிக் எலும்பு முறிவு என்பது நொறுங்கும் பொருளில் உள்ள ஒலியின் வேகத்தை விட வேகமாக ஏற்படும் பிளவு ஆகும்.	[96,95,97]	96.0	[0.6355035596435119, 0.6184291206010091, 0.6977323593314528]	0.6505550131919913
155	He was the son of Ekkavu Thampuran, the ancestor of the present head of the household.	இவர் தற்போதைய குடும்பத் தலைவரின் மூதாதையரான எக்காவு தம்புரானின் மகன் ஆவார்.	[98,95,95]	96.0	[0.7524376846469182, 0.6184291206010091, 0.5704703111711503]	0.6471123721396926
156	Wadakkanchery assembly constituency is part of Alathur Lok Sabha constituency.	வடக்காஞ்சேரி சட்டமன்றத் தொகுதி, ஆலத்தூர் மக்களவைத் தொகுதிக்கு உட்பட்டது.	[98,95,98]	97.0	[0.7524376846469182, 0.6184291206010091, 0.761363383411604]	0.7107433962198438
157	Aurora (Tagalog: Lalawigan ng Aurora; Ilocano: Probinsia ti Aurora) is a province in the Philippines located in the eastern part of Central Luzon region, facing the Philippine Sea.	அரோரா (Aurora) (Tagalog: Lalawigan ng Aurora Ilocano: Probinsia ti Aurora) என்பது பிலிப்பைன்சின் லூசோன் பிராந்தியத்தின் கிழக்குப் பகுதியில் அமைந்துள்ள ஒரு மாகாணமாகும்.	[40,95,52]	62.333333333333336	[-2.638651940451863, 0.6184291206010091, -2.165663724275354]	-1.3952955147087358
158	In oil refining contexts, alkylation refers to a particular alkylation of isobutane with olefins.	எண்ணெய் சுத்திகரிப்பு சூழல்களில், ஆல்க்கைலேற்றம் என்பது ஒலிஃபின்களுடன் ஒரு குறிப்பிட்ட ஆல்க்கைலேற்றத்தைக் குறிக்கிறது.	[92,92,94]	92.66666666666669	[0.40163530963669947, 0.45428590102794053, 0.506839287090999]	0.4542534992518797
159	There are shrines for Pratyangira, Murugan, Karuppu Sami, Madurai Veeran and a shivalinga.	இங்கு பிரத்யங்கிரா, முருகன், கருப்பு சாமி, மதுரை வீரன் மற்றும் ஒரு சிவலிங்க சன்னதிகள் உள்ளன.	[98,95,94]	95.66666666666669	[0.7524376846469182, 0.6184291206010091, 0.506839287090999]	0.6259020307796421
160	Narayanapet is the district headquarters.	இம்மாவட்டத்தின் நிர்வாகத் தலைமையிடம் நாராயணப்பேட்டை ஆகும்.	[98,95,95]	96.0	[0.7524376846469182, 0.6184291206010091, 0.5704703111711503]	0.6471123721396926
161	Conard Nymphaea purpurea Rehnelt & F. Henkel Nymphaea rosea (Sims) Sweet Nymphaea pubescens, the hairy water lily or pink water-lily, is a species of water lily.	Henkel Nymphaea rosea (Sims) Sweet Nymphaea pubescens, ரோமக் கலந்த நீர் லில்லி அல்லது இளஞ்சிவப்பு நீர் லில்லி, என்பது நீர் லில்லியின் ஒரு இனம் ஆகும்.	[50,50,52]	50.66666666666666	[-2.0539813154348314, -1.8437191729950189, -2.165663724275354]	-2.021121404235068
162	The human wall was the second-longest of the kind in Kerala which stretched across two districts.	இந்த மனித சுவர் கேரளாவில் இரண்டு மாவட்டங்களை உள்ளடக்கிய இரண்டாவது நீளமான சுவராகும்.	[90,88,90]	89.33333333333333	[0.2847011846332932, 0.2354282749305158, 0.252315190770394]	0.257481550111401
163	Omer went on to win Lux Style Award for Best Album.	ஓமர் சிறந்த ஆல்பத்திற்கான லக்ஸ் ஸ்டைல் விருதை வென்றார்.	[98,95,95]	96.0	[0.7524376846469182, 0.6184291206010091, 0.5704703111711503]	0.6471123721396926
164	Very pure forms of butane, especially isobutane, can be used as refrigerants and have largely replaced the ozone-layer-depleting halomethanes, for instance in household refrigerators and freezers.	மிகவும் தூய்மையான பியூட்டேன் வடிவங்கள், குறிப்பாக ஐசோபியூட்டேன், குளிர்பதனப் பொருட்களாக பயன்படுத்தப்படலாம், மேலும் ஓசோன் அடுக்கு-குறைவு ஹாலோமீத்தேன்களுக்கு பதிலாக, உதாரணமாக வீட்டு குளிர்பதனப் பெட்டிகள் மற்றும் குளிர்பதனப் பெட்டிகளில் பயன்படுத்தப்படுகிறது.	[95,95,96]	95.33333333333331	[0.5770364971418088, 0.6184291206010091, 0.6341013352513015]	0.6098556509980398
165	The cold water of this stream flows towards the east, into the River Chitral.	இந்த நீரோடையின் குளிர்ந்த நீர் கிழக்கு நோக்கி பாய்ந்து சித்ரால் ஆற்றில் கலக்கிறது.	[92,95,97]	94.66666666666669	[0.40163530963669947, 0.6184291206010091, 0.6977323593314528]	0.5725989298563872
166	In addition, BES provides network security, in the form of Triple DES or, more recently, AES encryption of all data (both email and MDS traffic) that travels between the BlackBerry phone and a BlackBerry Enterprise Server.	கூடுதலாக, பிளாக்பெர்ரி தொலைபேசிக்கும் பிளாக்பெர்ரி எண்டர்பிரைஸ் சர்வருக்கு இடையில் பயணிக்கும் அனைத்து தரவுகளின் (மின்னஞ்சல் மற்றும் MDS போக்குவரத்து) டிரிபிள் DES அல்லது மிக சமீபத்தில், AES குறியாக்கம் வடிவத்தில் பிஇஎஸ் நெட்வொர்க் பாதுகாப்பை வழங்குகிறது.	[90,80,88]	86.0	[0.2847011846332932, -0.20228697726433362, 0.12505314261009146]	0.0691557833263503
167	His father was a teacher in Wennappuwa.	இவரது தந்தை வென்னப்புவாவில் ஆசிரியராக இருந்தார்.	[98,98,95]	97.0	[0.7524376846469182, 0.7825723401740775, 0.5704703111711503]	0.7018267786640487
168	In some cases, when suspected graves were opened, villagers even described the corpse as having fresh blood from a victim all over its face.	சில சந்தர்ப்பங்களில், சந்தேகத்திற்குரிய கல்லறைகள் திறக்கப்பட்டபோது, சடலம் அதன் முகம் முழுவதும் பாதிக்கப்பட்டவரின் புதிய ரத்தம் இருப்பதாக கிராம மக்கள் விவரித்தனர்.	[70,70,73]	71.0	[-0.8846400654007692, -0.7494310425078954, -0.8294122185921774]	-0.821161108833614
169	Vijaya Rekha known by her stage name Mounika is an Indian film and Tamil television actress who appeared in South Indian films and Tamil serials.	விஜய ரேகா (Vijaya Rakha) இவர் தென்னிந்திய திரைப்படங்கள் மற்றும் தமிழ் தொடர்களில் தோன்றிய ஒரு இந்திய திரைப்பட மற்றும் தமிழ் தொலைக்காட்சி நடிகை ஆவார்.	[98,98,95]	97.0	[0.7524376846469182, 0.7825723401740775, 0.5704703111711503]	0.7018267786640487
170	Naga people speak over 89 different languages and dialects, mostly unintelligible with each other.	நாகா மக்கள் 89-க்கும் மேற்பட்ட வெவ்வேறு மொழிகளையும் கிளைமொழிகளையும் பேசுகிறார்கள்.	[98,98,95]	97.0	[0.7524376846469182, 0.7825723401740775, 0.5704703111711503]	0.7018267786640487
171	The Narmada forms part of the northern boundary of the district, and the Satpura Range form the southern boundary of the district.	நர்மதா நதி மாவட்டத்தின் வடக்கு எல்லையின் ஒரு பகுதியாகவும், சத்புரா மலைத்தொடர் மாவட்டத்தின் தெற்கு எல்லையாகவும் உள்ளது.	[98,95,98]	97.0	[0.7524376846469182, 0.6184291206010091, 0.761363383411604]	0.7107433962198438
172	Rice is the dominant crop in the delta areas, where most of the population is concentrated.	டெல்டா பகுதிகளில் பெரும்பான்மையான மக்கள் வசிக்கும் பகுதிகளில் அரிசி முக்கிய பயிராக உள்ளது.	[98,98,96]	97.33333333333331	[0.7524376846469182, 0.7825723401740775, 0.6341013352513015]	0.7230371200240991
173	He worked in the Archaeological Department of Baroda State and subsequently served the Archaeological Survey of India in various capacities.	பரோடா மாநிலத்தின் தொல்லியல் துறையில் பணியாற்றிய அவர், பின்னர் இந்திய தொல்லியல் ஆய்வுத் துறையில் பல்வேறு பதவிகளில் பணியாற்றினார்.	[96,95,94]	95.0	[0.6355035596435119, 0.6184291206010091, 0.506839287090999]	0.58692398911184
174	KOH forms a series of crystalline hydrates, namely the monohydrate KOH • H2O, the dihydrate KOH • 2H2O and the tetrahydrate KOH • 4H2O.	KOH தொடர்ச்சியான படிக நீரேற்றுகளை உருவாக்குகிறது, அவை மோனோஐதரேட்டு KOH Cinceles H2O, டைஐதரேட்டு KOH Cinceles 2H2O மற்றும் டெட்ராஐதரேட்டு KOH Cinceles 4H2O.	[50,70,63]	61.0	[-2.0539813154348314, -0.7494310425078954, -1.46572245939369]	-1.423044939112139
175	The temple is situated on the bank of river Theevra.	இந்த கோயில் திவ்ரா ஆற்றின் கரையில் அமைந்துள்ளது.	[90,95,91]	92.0	[0.2847011846332932, 0.6184291206010091, 0.31594621485054525]	0.4063588400282825
176	Oxides of most metals adopt polymeric structures.	பெரும்பாலான உலோகங்களின் ஆக்சைடுகள் பலபடிக் கட்டமைப்புகளை ஏற்றுக்கொள்கின்றன.	[92,90,89]	90.33333333333331	[0.40163530963669947, 0.34485708797922815, 0.18868416669024274]	0.3117255214353902
177	Weed control is important in agriculture.	வேளாண்மையில் களைகளைக் கட்டுப்படுத்துவது முக்கியமானது.	[96,95,99]	96.66666666666669	[0.6355035596435119, 0.6184291206010091, 0.8249944074917553]	0.6929756959120921
178	The river originates near Narasimha Parvatha and passes through Agumbe forests and flows near Hebri, Barkur and joins Suvarna river, before joining Arabian sea.	இந்த நதி நரசிம்ம பர்வதத்திற்கு அருகில் உருவாகி, அகும்பே காடுகள் வழியாக பாய்ந்து, ஹெப்ரி, பர்கூர் அருகே பாய்ந்து, அரபிக் கடலில் சேருவதற்கு முன்பு சுவர்ணா ஆற்றில் கலக்கிறது.	[98,90,91]	93.0	[0.7524376846469182, 0.34485708797922815, 0.31594621485054525]	0.4710803291588972
179	All intra-Union transfers in euro are treated as domestic transactions and bear the corresponding domestic transfer costs.	ஐரோப்பிய ஒன்றியத்திற்குள் செய்யப்படும் பரிவர்த்தனைகள் அனைத்தும் உள்நாட்டு பரிவர்த்தனைகளாக கருதப்பட்டு, அதற்கேற்ப உள்நாட்டு பரிவர்த்தனை செலவுகளை ஏற்கின்றன.	[98,95,100]	97.66666666666669	[0.7524376846469182, 0.6184291206010091, 0.8886254315719065]	0.7531640789399446
180	The states and union territories are further subdivided into districts and smaller administrative divisions.	மாநிலங்களும், யூனியன் பிரதேசங்களும் மாவட்டங்களாகவும், சிறிய நிர்வாகப் பிரிவுகளாகவும் பிரிக்கப்பட்டுள்ளன.	[98,95,100]	97.66666666666669	[0.7524376846469182, 0.6184291206010091, 0.8886254315719065]	0.7531640789399446
181	Many alkoxides contain methoxy groups, e.g.	பல ஆல்காக்சைடுகளில் மெத்தாக்சி குழுக்கள் உள்ளன.	[85,95,93]	91.0	[-0.007634127875222391, 0.6184291206010091, 0.44320826301084776]	0.3513344185788781
182	Aryabhata is the author of several treatises on mathematics and astronomy, some of which are lost.	ஆர்யபட்டா கணிதம் மற்றும் வானியல் தொடர்பான பல ஆய்வுக் கட்டுரைகளை எழுதியுள்ளார்.	[40,95,52]	62.333333333333336	[-2.638651940451863, 0.6184291206010091, -2.165663724275354]	-1.3952955147087358
183	Sometimes this very loss of psychological efficiency can increase a potential competitor's value enough to overcome market entry barriers, or provide incentive for research and investment into new alternatives.	சில நேரங்களில் இந்த உளவியல் செயல்திறன் இழப்பு சந்தையில் நுழைவதற்கான தடைகளை கடக்க போதுமான போட்டியாளரின் மதிப்பை அதிகரிக்கலாம் அல்லது புதிய மாற்றீடுகளுக்கான ஆராய்ச்சி மற்றும் முதலீடுகளுக்கு ஊக்கமளிக்கலாம்.	[80,60,68]	69.33333333333333	[-0.299969440383738, -1.2965751077514571, -1.1475673389929337]	-0.914703962376043
184	In women, the most common symptoms of myocardial infarction include shortness of breath, weakness, and fatigue.	பெண்களில், இதய அடைப்பின் மிகவும் பொதுவான அறிகுறிகள் மூச்சு திணறல், பலவீனம் மற்றும் சோர்வு ஆகியவை அடங்கும்.	[94,94,91]	93.0	[0.5185694346401057, 0.5637147140766529, 0.31594621485054525]	0.4660767878557679
185	I knew that when I got into folk music, it was more of a serious type of thing.	நான் நாட்டுப்புற இசையில் நுழைந்தபோது, அது ஒரு தீவிரமான விஷயம் என்று எனக்குத் தெரியும்.	[70,85,80]	78.33333333333333	[-0.8846400654007692, 0.07128505535744727, -0.3839950500311186]	-0.3991166866914802
186	Ionic compounds conduct electricity when molten or in solution, typically not when solid.	உருகிய போது அல்லது கரைசலில் உள்ள போது அயனிச் சேர்மங்கள் மின்சாரத்தை கடத்துகின்றன, பொதுவாக திண்மமாக இல்லாதவை.	[70,70,73]	71.0	[-0.8846400654007692, -0.7494310425078954, -0.8294122185921774]	-0.821161108833614
187	The edges of a graph define a symmetric relation on the vertices, called the adjacency relation.	கோட்டுருவின் விளிம்புகள் முனைகள் மீது ஒரு சமச்சீர் உறவை வரையறுக்கின்றன, இது இணைப்பு உறவு என்று அழைக்கப்படுகிறது.	[90,95,91]	92.0	[0.2847011846332932, 0.6184291206010091, 0.31594621485054525]	0.4063588400282825
188	A land development bank (Bengali: ভূমি উন্নয়ন ব্যাংক), abbreviated LDB, is a special kind of bank in India, and is of quasi-commercial type that provides services such as accepting deposits, making business loans, and offering basic investment products.	நிலம் மேம்பாட்டு வங்கி (வங்காளம்ஃ বাংলাদের জিলা), சுருக்கமாக ஏலடிபி (LDB), இந்தியாவில் உள்ள ஒரு சிறப்பு வகையான வங்கியாகும், இது வைப்புத்தொகைகளை ஏற்றுக்கொள்ளுதல், வணிகக் கடன்கள் வழங்குதல் மற்றும் அடிப்படை முதலீட்டு பொருட்களை வழங்குதல் போன்ற சேவைகளை வழங்குகிறது.	[90,85,89]	88.0	[0.2847011846332932, 0.07128505535744727, 0.18868416669024274]	0.1815568022269944
189	The Atlantic Ocean is bounded on the west by North and South America.	அட்லாண்டிக் பெருங்கடல் மேற்கில் வட மற்றும் தென் அமெரிக்காவால் சூழப்பட்டுள்ளது.	[98,70,85]	84.33333333333333	[0.7524376846469182, -0.7494310425078954, -0.06583992963036231]	-0.0209444291637798
190	Among the collections are the Rasmanjari series of the famed Basohli miniature paintings and some rare manuscripts like the beautifully illustrated Shahnama and Sikandernama in Persian.	புகழ்பெற்ற பசோலி மினியேச்சர் ஓவியங்களின் ராஸ்மஞ்சரி வரிசை மற்றும் பாரசீக மொழியில் அழகான ஷாநாமா மற்றும் சிகந்திரநாமா போன்ற சில அரிய கையெழுத்துப் பிரதிகளும் இந்த சேகரிப்புகளில் அடங்கும்.	[90,90,91]	90.33333333333331	[0.2847011846332932, 0.34485708797922815, 0.31594621485054525]	0.3151681624876888
191	For his performance, Khan won the Best Drama Actor award at the Pakistan Media Awards.	அவரது நடிப்புக்காக, கான் பாகிஸ்தான் ஊடக விருதுகளில் சிறந்த நாடக நடிகருக்கான விருதை வென்றார்.	[98,90,92]	93.33333333333331	[0.7524376846469182, 0.34485708797922815, 0.3795772389306965]	0.4922906705189476
192	The Department of Education (DepEd) covers elementary, secondary, and non-formal education.	கல்வித் துறை (DepEd) தொடக்கக் கல்வி, இடைநிலைக் கல்வி மற்றும் முறைசாரா கல்வியை உள்ளடக்கியது.	[92,92,95]	93.0	[0.40163530963669947, 0.45428590102794053, 0.5704703111711503]	0.4754638406119301
193	As a byproduct of lightning strikes in earth's nitrogen-oxygen rich atmosphere, nitric acid is produced when nitrogen dioxide reacts with water vapor.	பூமியின் நைட்ரஜன்-ஆக்சிஜன் நிறைந்த வளிமண்டலத்தில் மின்னல் தாக்கத்தின் விளைபொருளாக, நைட்ரஜன் டை ஆக்சைடு நீர் ஆவியுடன் வினைபுரியும் போது நைட்ரிக் அமிலம் உற்பத்தி செய்யப்படுகிறது.	[98,95,100]	97.66666666666669	[0.7524376846469182, 0.6184291206010091, 0.8886254315719065]	0.7531640789399446
194	This results in the sharing of two electrons.	இதன் விளைவாக இரண்டு எலக்ட்ரான்கள் பகிர்ந்து கொள்ளப்படுகின்றன.	[94,95,98]	95.66666666666669	[0.5185694346401057, 0.6184291206010091, 0.761363383411604]	0.6327873128842396
195	Winners of the first edition of President's Trophy Boat Race - Sree Ganeshan Chundan(St. Francis Boat Club, Kollam).	குடியரசுத் தலைவர் கோப்பையின் முதலாவது படகுப் போட்டியில் வெற்றி பெற்றவர்கள்-ஸ்ரீ கணேசன் சுந்தன் (செயின்ட் பிரான்சிஸ் படகுக் கழகம், கொல்லம்).	[98,95,98]	97.0	[0.7524376846469182, 0.6184291206010091, 0.761363383411604]	0.7107433962198438
196	The material is usually prepared by the reaction of bromine with tantalum metal (or tantalum carbide) at elevated temperatures in a tube furnace.	பொதுவாக புரோமினுடன் தாண்டலம் உலோகத்தை (அல்லது தாண்டலம் கார்பைடு) குழாய் சூளையில் உயர் வெப்பநிலையில் வினைபுரியச் செய்வதன் மூலம் இச்சேர்மம் தயாரிக்கப்படுகிறது.	[96,95,99]	96.66666666666669	[0.6355035596435119, 0.6184291206010091, 0.8249944074917553]	0.6929756959120921
197	"To produce highly pure barium sulfate, the sulfide or chloride is treated with sulfuric acid or sulfate salts: Barium sulfate produced in this way is often called blanc fixe, which is French for ""permanent white."""	மிகவும் தூய்மையான பேரியம் சல்பேட்டை உற்பத்தி செய்ய, சல்பைடு அல்லது குளோரைடு கந்தக அமிலம் அல்லது சல்பேட்டு உப்புகளுடன் வினைப்படுத்தப்படுகிறதுஃ இந்த வழியில் தயாரிக்கப்படும் பேரியம் சல்பேட் பெரும்பாலும் பிளாங்க் ஃபெக்சி என்று அழைக்கப்படுகிறது.	[85,85,86]	85.33333333333333	[-0.007634127875222391, 0.07128505535744727, -0.0022089055502110488]	0.0204806739773379
198	These cards require only proximity to an antenna to communicate.	இந்த அட்டைகளுக்கு தொடர்பு கொள்ள ஒரு ஆன்டெனாவுக்கு அருகாமையில் மட்டுமே தேவைப்படுகிறது.	[50,50,51]	50.333333333333336	[-2.0539813154348314, -1.8437191729950189, -2.229294748355505]	-2.0423317455951184
199	"McCarthy missed ""many of the interesting personal and political nuances pertaining to these men"" that were not detailed."	இந்த மனிதர்களுடன் தொடர்புடைய பல சுவாரஸ்யமான தனிப்பட்ட மற்றும் அரசியல் நுணுக்கங்களை மெக்கார்த்தி தவறவிட்டார்.	[80,70,72]	74.0	[-0.299969440383738, -0.7494310425078954, -0.8930432426723287]	-0.647481241854654
